num	1	2
1	ed779276108738fdb2179ccabf9680d9	91c6063f96663a84cfa3d275cc903261
2	6ac975c0f221bf4863354a89ed1a50ff	504417d73bdf859125e7598b8cda163c
3	7b13559db96bcd06f3069d5e39f8d156	da8f3afd184503f79e06ee631464f35a
4	91ddf742c07fbfd85d26840f9ce64c5d	00f1acf458ae561796d9abf10e384f31
5	d82bd0da3bd1b34e9c2b7babfc4d5220	ba689b624ed5bceb68923fdfea41a9db
6	ed61f9d036be07f7843327aaab614c4f	a0097f5b22171455f9a9bf6c5f92f376
7	9833c9ebf6e616eb05b0b75e6a6c2354	d0970ab9de7b2795c45b3c4165f2f7e1
8	594c9a53d523554d081768d1bbdb760d	2aaa011c71d9f8b6cb41c282c08abd83
9	f057e119539685a8bdefee83821029ba	7a2381b2ca9fd1c9c43f5a08b88b97c0
10	750f7ecd5d97a4b0cb5342748055cadb	10d2a131081a3095726c5721ed31c21f
